No.,Time,Time 1,Time 2,,Delay 1,Delay 2,jitter,
1,0,0.000113,0.000113,,-0.000744,0.000857,0.001601,
2,0.000113,0.00097,0.000857,,-0.008199,0.009056,0.017255,
3,0.00097,0.010026,0.009056,,0.009056,0,-0.009056,
4,0.010026,0.010026,0,,0,0,0,
5,0.010026,0.010026,0,,-5.50E-05,5.50E-05,0.00011,
6,0.010026,0.010081,5.50E-05,,-0.003266,0.003321,0.006587,
7,0.010081,0.013402,0.003321,,0.003321,0,-0.003321,
8,0.013402,0.013402,0,,-0.010918,0.010918,0.021836,
9,0.013402,0.02432,0.010918,,0.010888,3.00E-05,-0.010858,
10,0.02432,0.02435,3.00E-05,,-0.024196,0.024226,0.048422,
11,0.02435,0.048576,0.024226,,0.024226,0,-0.024226,
12,0.048576,0.048576,0,,-2.80E-05,2.80E-05,5.60E-05,
13,0.048576,0.048604,2.80E-05,,-0.026983,0.027011,0.053994,
14,0.048604,0.075615,0.027011,,0.027011,0,-0.027011,
15,0.075615,0.075615,0,,0,0,0,
16,0.075615,0.075615,0,,0,0,0,
17,0.075615,0.075615,0,,0,0,0,
18,0.075615,0.075615,0,,0,0,0,
19,0.075615,0.075615,0,,-3.60E-05,3.60E-05,7.20E-05,
20,0.075615,0.075651,3.60E-05,,-0.017006,0.017042,0.034048,
21,0.075651,0.092693,0.017042,,0.007405,0.009637,0.002232,
22,0.092693,0.10233,0.009637,,0.009637,0,-0.009637,
23,0.10233,0.10233,0,,-3.90E-05,3.90E-05,7.80E-05,
24,0.10233,0.102369,3.90E-05,,-0.00533,0.005369,0.010699,
25,0.102369,0.107738,0.005369,,-0.075756,0.081125,0.156881,
26,0.107738,0.188863,0.081125,,0.042696,0.038429,-0.004267,
27,0.188863,0.227292,0.038429,,0.034974,0.003455,-0.031519,
28,0.227292,0.230747,0.003455,,0.003353,0.000102,-0.003251,
29,0.230747,0.230849,0.000102,,-0.039566,0.039668,0.079234,
30,0.230849,0.270517,0.039668,,0.013796,0.025872,0.012076,
31,0.270517,0.296389,0.025872,,0.023648,0.002224,-0.021424,
34,0.296389,0.298613,0.002224,,-0.004535,0.006759,0.011294,
35,0.298613,0.305372,0.006759,,-0.001563,0.008322,0.009885,
36,0.305372,0.313694,0.008322,,0.006978,0.001344,-0.005634,
37,0.313694,0.315038,0.001344,,-0.000867,0.002211,0.003078,
38,0.315038,0.317249,0.002211,,0.001783,0.000428,-0.001355,
39,0.317249,0.317677,0.000428,,0.000366,6.20E-05,-0.000304,
40,0.317677,0.317739,6.20E-05,,-0.000464,0.000526,0.00099,
41,0.317739,0.318265,0.000526,,-0.000714,0.00124,0.001954,
42,0.318265,0.319505,0.00124,,-0.007179,0.008419,0.015598,
43,0.319505,0.327924,0.008419,,0.008419,0,-0.008419,
44,0.327924,0.327924,0,,-7.20E-05,7.20E-05,0.000144,
45,0.327924,0.327996,7.20E-05,,3.20E-05,4.00E-05,8.00E-06,
46,0.327996,0.328036,4.00E-05,,-0.000579,0.000619,0.001198,
47,0.328036,0.328655,0.000619,,0.000546,7.30E-05,-0.000473,
48,0.328655,0.328728,7.30E-05,,-0.00362,0.003693,0.007313,
49,0.328728,0.332421,0.003693,,0.000385,0.003308,0.002923,
50,0.332421,0.335729,0.003308,,0.002576,0.000732,-0.001844,
51,0.335729,0.336461,0.000732,,0.000655,7.70E-05,-0.000578,
52,0.336461,0.336538,7.70E-05,,-0.000566,0.000643,0.001209,
53,0.336538,0.337181,0.000643,,-0.009145,0.009788,0.018933,
54,0.337181,0.346969,0.009788,,0.009788,0,-0.009788,
55,0.346969,0.346969,0,,0,0,0,
56,0.346969,0.346969,0,,-0.000117,0.000117,0.000234,
57,0.346969,0.347086,0.000117,,-0.000564,0.000681,0.001245,
58,0.347086,0.347767,0.000681,,0.000642,3.90E-05,-0.000603,
59,0.347767,0.347806,3.90E-05,,-0.000178,0.000217,0.000395,
60,0.347806,0.348023,0.000217,,-0.000364,0.000581,0.000945,
61,0.348023,0.348604,0.000581,,-0.002339,0.00292,0.005259,
62,0.348604,0.351524,0.00292,,0.002254,0.000666,-0.001588,
63,0.351524,0.35219,0.000666,,-0.003513,0.004179,0.007692,
64,0.35219,0.356369,0.004179,,0.004179,0,-0.004179,
65,0.356369,0.356369,0,,-0.005002,0.005002,0.010004,
66,0.356369,0.361371,0.005002,,0.005002,0,-0.005002,
67,0.361371,0.361371,0,,0,0,0,
68,0.361371,0.361371,0,,-0.000361,0.000361,0.000722,
69,0.361371,0.361732,0.000361,,2.30E-05,0.000338,0.000315,
70,0.361732,0.36207,0.000338,,-0.006071,0.006409,0.01248,
71,0.36207,0.368479,0.006409,,0.006409,0,-0.006409,
72,0.368479,0.368479,0,,0,0,0,
73,0.368479,0.368479,0,,0,0,0,
74,0.368479,0.368479,0,,-0.001173,0.001173,0.002346,
75,0.368479,0.369652,0.001173,,0.001139,3.40E-05,-0.001105,
76,0.369652,0.369686,3.40E-05,,-0.004157,0.004191,0.008348,
77,0.369686,0.373877,0.004191,,0.004191,0,-0.004191,
78,0.373877,0.373877,0,,0,0,0,
79,0.373877,0.373877,0,,-3.40E-05,3.40E-05,6.80E-05,
80,0.373877,0.373911,3.40E-05,,-0.001053,0.001087,0.00214,
81,0.373911,0.374998,0.001087,,-0.050382,0.051469,0.101851,
82,0.374998,0.426467,0.051469,,0.051469,0,-0.051469,
83,0.426467,0.426467,0,,-0.005296,0.005296,0.010592,
84,0.426467,0.431763,0.005296,,0.005296,0,-0.005296,
85,0.431763,0.431763,0,,-0.034621,0.034621,0.069242,
86,0.431763,0.466384,0.034621,,0.034621,0,-0.034621,
87,0.466384,0.466384,0,,0,0,0,
88,0.466384,0.466384,0,,0,0,0,
89,0.466384,0.466384,0,,-7.30E-05,7.30E-05,0.000146,
90,0.466384,0.466457,7.30E-05,,-0.001461,0.001534,0.002995,
91,0.466457,0.467991,0.001534,,-0.008892,0.010426,0.019318,
92,0.467991,0.478417,0.010426,,0.010426,0,-0.010426,
93,0.478417,0.478417,0,,0,0,0,
94,0.478417,0.478417,0,,-0.002879,0.002879,0.005758,
95,0.478417,0.481296,0.002879,,-0.103798,0.106677,0.210475,
96,0.481296,0.587973,0.106677,,0.106677,0,-0.106677,
97,0.587973,0.587973,0,,0,0,0,
98,0.587973,0.587973,0,,0,0,0,
99,0.587973,0.587973,0,,0,0,0,
100,0.587973,0.587973,0,,0,0,0,
101,0.587973,0.587973,0,,0,0,0,
102,0.587973,0.587973,0,,0,0,0,
103,0.587973,0.587973,0,,0,0,0,
104,0.587973,0.587973,0,,0,0,0,
105,0.587973,0.587973,0,,0,0,0,
106,0.587973,0.587973,0,,0,0,0,
107,0.587973,0.587973,0,,0,0,0,
108,0.587973,0.587973,0,,0,0,0,
109,0.587973,0.587973,0,,0,0,0,
110,0.587973,0.587973,0,,0,0,0,
111,0.587973,0.587973,0,,0,0,0,
112,0.587973,0.587973,0,,0,0,0,
113,0.587973,0.587973,0,,0,0,0,
114,0.587973,0.587973,0,,0,0,0,
115,0.587973,0.587973,0,,0,0,0,
116,0.587973,0.587973,0,,-0.000142,0.000142,0.000284,
117,0.587973,0.588115,0.000142,,7.50E-05,6.70E-05,-8.00E-06,
118,0.588115,0.588182,6.70E-05,,4.80E-05,1.90E-05,-2.90E-05,
119,0.588182,0.588201,1.90E-05,,-0.002705,0.002724,0.005429,
120,0.588201,0.590925,0.002724,,0.002724,0,-0.002724,
121,0.590925,0.590925,0,,-0.001004,0.001004,0.002008,
122,0.590925,0.591929,0.001004,,0.000925,7.90E-05,-0.000846,
123,0.591929,0.592008,7.90E-05,,-0.033793,0.033872,0.067665,
124,0.592008,0.62588,0.033872,,0.033872,0,-0.033872,
126,0.62588,0.62588,0,,-0.01307,0.01307,0.02614,
127,0.62588,0.63895,0.01307,,0.010796,0.002274,-0.008522,
128,0.63895,0.641224,0.002274,,0.002224,5.00E-05,-0.002174,
129,0.641224,0.641274,5.00E-05,,-0.014996,0.015046,0.030042,
130,0.641274,0.65632,0.015046,,-0.026856,0.041902,0.068758,
132,0.65632,0.698222,0.041902,,0.041798,0.000104,-0.041694,
133,0.698222,0.698326,0.000104,,-0.000241,0.000345,0.000586,
134,0.698326,0.698671,0.000345,,-0.029007,0.029352,0.058359,
135,0.698671,0.728023,0.029352,,0.029352,0,-0.029352,
136,0.728023,0.728023,0,,0,0,0,
137,0.728023,0.728023,0,,0,0,0,
138,0.728023,0.728023,0,,0,0,0,
139,0.728023,0.728023,0,,0,0,0,
140,0.728023,0.728023,0,,-0.000111,0.000111,0.000222,
141,0.728023,0.728134,0.000111,,-0.006604,0.006715,0.013319,
142,0.728134,0.734849,0.006715,,0.006715,0,-0.006715,
143,0.734849,0.734849,0,,-9.20E-05,9.20E-05,0.000184,
144,0.734849,0.734941,9.20E-05,,1.10E-05,8.10E-05,7.00E-05,
145,0.734941,0.735022,8.10E-05,,0,8.10E-05,8.10E-05,
146,0.735022,0.735103,8.10E-05,,-0.002871,0.002952,0.005823,
147,0.735103,0.738055,0.002952,,-0.013187,0.016139,0.029326,
148,0.738055,0.754194,0.016139,,0.016139,0,-0.016139,
149,0.754194,0.754194,0,,0,0,0,
150,0.754194,0.754194,0,,-0.000386,0.000386,0.000772,
151,0.754194,0.75458,0.000386,,-0.005431,0.005817,0.011248,
152,0.75458,0.760397,0.005817,,0.005759,5.80E-05,-0.005701,
153,0.760397,0.760455,5.80E-05,,-0.005581,0.005639,0.01122,
154,0.760455,0.766094,0.005639,,0.005639,0,-0.005639,
155,0.766094,0.766094,0,,-0.004493,0.004493,0.008986,
156,0.766094,0.770587,0.004493,,-0.006446,0.010939,0.017385,
157,0.770587,0.781526,0.010939,,-0.009028,0.019967,0.028995,
159,0.781526,0.801493,0.019967,,0.017507,0.00246,-0.015047,
160,0.801493,0.803953,0.00246,,-0.011479,0.013939,0.025418,
162,0.803953,0.817892,0.013939,,0.013506,0.000433,-0.013073,
163,0.817892,0.818325,0.000433,,2.80E-05,0.000405,0.000377,
164,0.818325,0.81873,0.000405,,-0.062521,0.062926,0.125447,
165,0.81873,0.881656,0.062926,,0.062532,0.000394,-0.062138,
166,0.881656,0.88205,0.000394,,-0.000618,0.001012,0.00163,
167,0.88205,0.883062,0.001012,,-0.084272,0.085284,0.169556,
168,0.883062,0.968346,0.085284,,0.076086,0.009198,-0.066888,
169,0.968346,0.977544,0.009198,,0.009033,0.000165,-0.008868,
170,0.977544,0.977709,0.000165,,-0.019627,0.019792,0.039419,
171,0.977709,0.997501,0.019792,,0.019792,0,-0.019792,
172,0.997501,0.997501,0,,0,0,0,
173,0.997501,0.997501,0,,-0.000148,0.000148,0.000296,
174,0.997501,0.997649,0.000148,,-0.02209,0.022238,0.044328,
175,0.997649,1.019887,0.022238,,0.022238,0,-0.022238,
176,1.019887,1.019887,0,,0,0,0,
177,1.019887,1.019887,0,,-0.000366,0.000366,0.000732,
178,1.019887,1.020253,0.000366,,8.50E-05,0.000281,0.000196,
179,1.020253,1.020534,0.000281,,-0.004018,0.004299,0.008317,
180,1.020534,1.024833,0.004299,,0.003987,0.000312,-0.003675,
181,1.024833,1.025145,0.000312,,-0.015371,0.015683,0.031054,
182,1.025145,1.040828,0.015683,,0.015683,0,-0.015683,
183,1.040828,1.040828,0,,0,0,0,
184,1.040828,1.040828,0,,0,0,0,
185,1.040828,1.040828,0,,-7.70E-05,7.70E-05,0.000154,
186,1.040828,1.040905,7.70E-05,,-0.007485,0.007562,0.015047,
187,1.040905,1.048467,0.007562,,0.007562,0,-0.007562,
188,1.048467,1.048467,0,,-0.002407,0.002407,0.004814,
189,1.048467,1.050874,0.002407,,-0.001838,0.004245,0.006083,
190,1.050874,1.055119,0.004245,,-0.00019,0.004435,0.004625,
191,1.055119,1.059554,0.004435,,-0.017852,0.022287,0.040139,
192,1.059554,1.081841,0.022287,,0.022205,8.20E-05,-0.022123,
193,1.081841,1.081923,8.20E-05,,-0.001576,0.001658,0.003234,
194,1.081923,1.083581,0.001658,,0.001534,0.000124,-0.00141,
195,1.083581,1.083705,0.000124,,-0.038945,0.039069,0.078014,
196,1.083705,1.122774,0.039069,,0.037528,0.001541,-0.035987,
197,1.122774,1.124315,0.001541,,0.001299,0.000242,-0.001057,
198,1.124315,1.124557,0.000242,,-0.270435,0.270677,0.541112,
199,1.124557,1.395234,0.270677,,0.270648,2.90E-05,-0.270619,
200,1.395234,1.395263,2.90E-05,,-0.009262,0.009291,0.018553,
201,1.395263,1.404554,0.009291,,-0.048382,0.057673,0.106055,
202,1.404554,1.462227,0.057673,,0.051687,0.005986,-0.045701,
203,1.462227,1.468213,0.005986,,-0.084132,0.090118,0.17425,
204,1.468213,1.558331,0.090118,,0.090118,0,-0.090118,
205,1.558331,1.558331,0,,-9.10E-05,9.10E-05,0.000182,
206,1.558331,1.558422,9.10E-05,,-0.111668,0.111759,0.223427,
207,1.558422,1.670181,0.111759,,0.111631,0.000128,-0.111503,
208,1.670181,1.670309,0.000128,,2.30E-05,0.000105,8.20E-05,
209,1.670309,1.670414,0.000105,,0.000105,0,-0.000105,
210,1.670414,1.670414,0,,-0.203108,0.203108,0.406216,
211,1.670414,1.873522,0.203108,,0.203108,0,-0.203108,
212,1.873522,1.873522,0,,-7.90E-05,7.90E-05,0.000158,
213,1.873522,1.873601,7.90E-05,,-0.020098,0.020177,0.040275,
214,1.873601,1.893778,0.020177,,0.020177,0,-0.020177,
215,1.893778,1.893778,0,,-0.000155,0.000155,0.00031,
216,1.893778,1.893933,0.000155,,-0.033949,0.034104,0.068053,
217,1.893933,1.928037,0.034104,,0.03397,0.000134,-0.033836,
218,1.928037,1.928171,0.000134,,-0.153061,0.153195,0.306256,
219,1.928171,2.081366,0.153195,,0.153195,0,-0.153195,
233,2.081366,2.081366,0,,0,0,0,
235,2.081366,2.081366,0,,0,0,0,
236,2.081366,2.081366,0,,-0.013281,0.013281,0.026562,
237,2.081366,2.094647,0.013281,,0.01317,0.000111,-0.013059,
239,2.094647,2.094758,0.000111,,-0.002443,0.002554,0.004997,
240,2.094758,2.097312,0.002554,,0.002371,0.000183,-0.002188,
241,2.097312,2.097495,0.000183,,-0.012337,0.01252,0.024857,
242,2.097495,2.110015,0.01252,,-0.106006,0.118526,0.224532,
243,2.110015,2.228541,0.118526,,0.118526,0,-0.118526,
274,2.228541,2.228541,0,,-0.000102,0.000102,0.000204,
275,2.228541,2.228643,0.000102,,-0.002733,0.002835,0.005568,
276,2.228643,2.231478,0.002835,,-0.004144,0.006979,0.011123,
279,2.231478,2.238457,0.006979,,0.006979,0,-0.006979,
280,2.238457,2.238457,0,,-8.90E-05,8.90E-05,0.000178,
281,2.238457,2.238546,8.90E-05,,-0.0689,0.068989,0.137889,
282,2.238546,2.307535,0.068989,,0.068989,0,-0.068989,
284,2.307535,2.307535,0,,-0.000204,0.000204,0.000408,
285,2.307535,2.307739,0.000204,,-0.007984,0.008188,0.016172,
286,2.307739,2.315927,0.008188,,0.008188,0,-0.008188,
287,2.315927,2.315927,0,,-0.002889,0.002889,0.005778,
288,2.315927,2.318816,0.002889,,-0.015743,0.018632,0.034375,
289,2.318816,2.337448,0.018632,,0.018537,9.50E-05,-0.018442,
290,2.337448,2.337543,9.50E-05,,-0.001104,0.001199,0.002303,
291,2.337543,2.338742,0.001199,,0.001123,7.60E-05,-0.001047,
292,2.338742,2.338818,7.60E-05,,-0.069573,0.069649,0.139222,
293,2.338818,2.408467,0.069649,,-0.068975,0.138624,0.207599,
294,2.408467,2.547091,0.138624,,0.131464,0.00716,-0.124304,
296,2.547091,2.554251,0.00716,,-0.011314,0.018474,0.029788,
297,2.554251,2.572725,0.018474,,0.018086,0.000388,-0.017698,
298,2.572725,2.573113,0.000388,,-0.015542,0.01593,0.031472,
299,2.573113,2.589043,0.01593,,0.015861,6.90E-05,-0.015792,
300,2.589043,2.589112,6.90E-05,,-0.002204,0.002273,0.004477,
301,2.589112,2.591385,0.002273,,0.002074,0.000199,-0.001875,
302,2.591385,2.591584,0.000199,,-0.003549,0.003748,0.007297,
303,2.591584,2.595332,0.003748,,0.00341,0.000338,-0.003072,
304,2.595332,2.59567,0.000338,,-0.000713,0.001051,0.001764,
305,2.59567,2.596721,0.001051,,-0.061849,0.0629,0.124749,
306,2.596721,2.659621,0.0629,,0.062549,0.000351,-0.062198,
307,2.659621,2.659972,0.000351,,-0.091027,0.091378,0.182405,
308,2.659972,2.75135,0.091378,,0.076634,0.014744,-0.06189,
310,2.75135,2.766094,0.014744,,-0.020712,0.035456,0.056168,
311,2.766094,2.80155,0.035456,,0.035456,0,-0.035456,
312,2.80155,2.80155,0,,0,0,0,
313,2.80155,2.80155,0,,0,0,0,
314,2.80155,2.80155,0,,0,0,0,
315,2.80155,2.80155,0,,0,0,0,
316,2.80155,2.80155,0,,-0.00061,0.00061,0.00122,
317,2.80155,2.80216,0.00061,,-0.011118,0.011728,0.022846,
318,2.80216,2.813888,0.011728,,0.011728,0,-0.011728,
319,2.813888,2.813888,0,,0,0,0,
320,2.813888,2.813888,0,,0,0,0,
321,2.813888,2.813888,0,,0,0,0,
322,2.813888,2.813888,0,,-0.000105,0.000105,0.00021,
323,2.813888,2.813993,0.000105,,-0.003698,0.003803,0.007501,
324,2.813993,2.817796,0.003803,,4.20E-05,0.003761,0.003719,
325,2.817796,2.821557,0.003761,,0.003674,8.70E-05,-0.003587,
326,2.821557,2.821644,8.70E-05,,-0.002136,0.002223,0.004359,
327,2.821644,2.823867,0.002223,,0.001992,0.000231,-0.001761,
328,2.823867,2.824098,0.000231,,-0.18193,0.182161,0.364091,
329,2.824098,3.006259,0.182161,,0.178485,0.003676,-0.174809,
330,3.006259,3.009935,0.003676,,0.003676,0,-0.003676,
331,3.009935,3.009935,0,,0,0,0,
332,3.009935,3.009935,0,,-0.000143,0.000143,0.000286,
333,3.009935,3.010078,0.000143,,-0.000208,0.000351,0.000559,
334,3.010078,3.010429,0.000351,,0.000351,0,-0.000351,
335,3.010429,3.010429,0,,-3.10E-05,3.10E-05,6.20E-05,
336,3.010429,3.01046,3.10E-05,,-0.000596,0.000627,0.001223,
337,3.01046,3.011087,0.000627,,-0.017609,0.018236,0.035845,
338,3.011087,3.029323,0.018236,,0.018236,0,-0.018236,
339,3.029323,3.029323,0,,0,0,0,
340,3.029323,3.029323,0,,0,0,0,
341,3.029323,3.029323,0,,0,0,0,
342,3.029323,3.029323,0,,0,0,0,
343,3.029323,3.029323,0,,0,0,0,
344,3.029323,3.029323,0,,0,0,0,
345,3.029323,3.029323,0,,0,0,0,
346,3.029323,3.029323,0,,-0.000214,0.000214,0.000428,
347,3.029323,3.029537,0.000214,,-0.01621,0.016424,0.032634,
348,3.029537,3.045961,0.016424,,0.016424,0,-0.016424,
352,3.045961,3.045961,0,,-0.017249,0.017249,0.034498,
353,3.045961,3.06321,0.017249,,0.017249,0,-0.017249,
354,3.06321,3.06321,0,,0,0,0,
355,3.06321,3.06321,0,,-7.80E-05,7.80E-05,0.000156,
356,3.06321,3.063288,7.80E-05,,-0.01511,0.015188,0.030298,
360,3.063288,3.078476,0.015188,,0.014925,0.000263,-0.014662,
362,3.078476,3.078739,0.000263,,0.00019,7.30E-05,-0.000117,
363,3.078739,3.078812,7.30E-05,,-0.013727,0.0138,0.027527,
364,3.078812,3.092612,0.0138,,0.011585,0.002215,-0.00937,
366,3.092612,3.094827,0.002215,,-0.043635,0.04585,0.089485,
367,3.094827,3.140677,0.04585,,-0.045217,0.091067,0.136284,
374,3.140677,3.231744,0.091067,,-0.01597,0.107037,0.123007,
451,3.231744,3.338781,0.107037,,0.107037,0,-0.107037,
549,3.338781,3.338781,0,,-0.000372,0.000372,0.000744,
551,3.338781,3.339153,0.000372,,-0.510724,0.511096,1.02182,
559,3.339153,3.850249,0.511096,,0.45055,0.060546,-0.390004,
961,3.850249,3.910795,0.060546,,0.017712,0.042834,0.025122,
1015,3.910795,3.953629,0.042834,,0.042635,0.000199,-0.042436,
1045,3.953629,3.953828,0.000199,,-0.000626,0.000825,0.001451,
1048,3.953828,3.954653,0.000825,,-0.016167,0.016992,0.033159,
1053,3.954653,3.971645,0.016992,,0.016774,0.000218,-0.016556,
1057,3.971645,3.971863,0.000218,,-0.000717,0.000935,0.001652,
1061,3.971863,3.972798,0.000935,,-0.009571,0.010506,0.020077,
1062,3.972798,3.983304,0.010506,,-0.001547,0.012053,0.0136,
1076,3.983304,3.995357,0.012053,,0.012053,0,-0.012053,
1081,3.995357,3.995357,0,,0,0,0,
1084,3.995357,3.995357,0,,-0.000884,0.000884,0.001768,
1086,3.995357,3.996241,0.000884,,-0.016729,0.017613,0.034342,
1088,3.996241,4.013854,0.017613,,0.017613,0,-0.017613,
1091,4.013854,4.013854,0,,0,0,0,
1093,4.013854,4.013854,0,,0,0,0,
1095,4.013854,4.013854,0,,-0.000199,0.000199,0.000398,
1097,4.013854,4.014053,0.000199,,-0.002425,0.002624,0.005049,
1098,4.014053,4.016677,0.002624,,-0.011468,0.014092,0.02556,
1100,4.016677,4.030769,0.014092,,-0.042737,0.056829,0.099566,
1128,4.030769,4.087598,0.056829,,0.056829,0,-0.056829,
1162,4.087598,4.087598,0,,0,0,0,
1164,4.087598,4.087598,0,,0,0,0,
1167,4.087598,4.087598,0,,0,0,0,
1180,4.087598,4.087598,0,,0,0,0,
1181,4.087598,4.087598,0,,0,0,0,
1183,4.087598,4.087598,0,,0,0,0,
1184,4.087598,4.087598,0,,-0.001865,0.001865,0.00373,
1187,4.087598,4.089463,0.001865,,0.001626,0.000239,-0.001387,
1193,4.089463,4.089702,0.000239,,5.80E-05,0.000181,0.000123,
1194,4.089702,4.089883,0.000181,,-0.002847,0.003028,0.005875,
1195,4.089883,4.092911,0.003028,,-0.005453,0.008481,0.013934,
1196,4.092911,4.101392,0.008481,,-0.029097,0.037578,0.066675,
1202,4.101392,4.13897,0.037578,,0.037578,0,-0.037578,
1251,4.13897,4.13897,0,,-0.001339,0.001339,0.002678,
1255,4.13897,4.140309,0.001339,,-0.084453,0.085792,0.170245,
1261,4.140309,4.226101,0.085792,,0.085792,0,-0.085792,
1321,4.226101,4.226101,0,,-0.000495,0.000495,0.00099,
1327,4.226101,4.226596,0.000495,,-0.001489,0.001984,0.003473,
1341,4.226596,4.22858,0.001984,,-0.006072,0.008056,0.014128,
1343,4.22858,4.236636,0.008056,,-0.085932,0.093988,0.17992,
1344,4.236636,4.330624,0.093988,,0.093297,0.000691,-0.092606,
1435,4.330624,4.331315,0.000691,,-0.004717,0.005408,0.010125,
1436,4.331315,4.336723,0.005408,,-0.00294,0.008348,0.011288,
1438,4.336723,4.345071,0.008348,,0.003754,0.004594,0.00084,
1449,4.345071,4.349665,0.004594,,-0.161413,0.166007,0.32742,
1458,4.349665,4.515672,0.166007,,0.166007,0,-0.166007,
1548,4.515672,4.515672,0,,0,0,0,
1559,4.515672,4.515672,0,,0,0,0,
1562,4.515672,4.515672,0,,0,0,0,
1565,4.515672,4.515672,0,,0,0,0,
1566,4.515672,4.515672,0,,0,0,0,
1567,4.515672,4.515672,0,,0,0,0,
1569,4.515672,4.515672,0,,0,0,0,
1571,4.515672,4.515672,0,,0,0,0,
1572,4.515672,4.515672,0,,0,0,0,
1573,4.515672,4.515672,0,,-0.000963,0.000963,0.001926,
1579,4.515672,4.516635,0.000963,,0.000159,0.000804,0.000645,
1582,4.516635,4.517439,0.000804,,0.000446,0.000358,-8.80E-05,
1583,4.517439,4.517797,0.000358,,-5.00E-06,0.000363,0.000368,
1584,4.517797,4.51816,0.000363,,-0.002418,0.002781,0.005199,
1586,4.51816,4.520941,0.002781,,-0.006293,0.009074,0.015367,
1588,4.520941,4.530015,0.009074,,-0.008561,0.017635,0.026196,
1589,4.530015,4.54765,0.017635,,0.017635,0,-0.017635,
1632,4.54765,4.54765,0,,-0.001204,0.001204,0.002408,
1634,4.54765,4.548854,0.001204,,-0.011566,0.01277,0.024336,
1639,4.548854,4.561624,0.01277,,-0.078401,0.091171,0.169572,
1652,4.561624,4.652795,0.091171,,0.085472,0.005699,-0.079773,
1735,4.652795,4.658494,0.005699,,-0.086117,0.091816,0.177933,
1750,4.658494,4.75031,0.091816,,0.091816,0,-0.091816,
1837,4.75031,4.75031,0,,-0.00018,0.00018,0.00036,
1839,4.75031,4.75049,0.00018,,-0.000601,0.000781,0.001382,
1841,4.75049,4.751271,0.000781,,0.000694,8.70E-05,-0.000607,
1843,4.751271,4.751358,8.70E-05,,-1.10E-05,9.80E-05,0.000109,
1844,4.751358,4.751456,9.80E-05,,-1.20E-05,0.00011,0.000122,
1845,4.751456,4.751566,0.00011,,-0.029987,0.030097,0.060084,
1846,4.751566,4.781663,0.030097,,0.030097,0,-0.030097,
1859,4.781663,4.781663,0,,0,0,0,
1863,4.781663,4.781663,0,,0,0,0,
1864,4.781663,4.781663,0,,0,0,0,
1865,4.781663,4.781663,0,,-0.000177,0.000177,0.000354,
1866,4.781663,4.78184,0.000177,,-0.00306,0.003237,0.006297,
1875,4.78184,4.785077,0.003237,,-0.03837,0.041607,0.079977,
1877,4.785077,4.826684,0.041607,,0.041607,0,-0.041607,
1923,4.826684,4.826684,0,,-0.124088,0.124088,0.248176,
1924,4.826684,4.950772,0.124088,,0.124088,0,-0.124088,
2035,4.950772,4.950772,0,,0,0,0,
2036,4.950772,4.950772,0,,0,0,0,
2041,4.950772,4.950772,0,,-0.000245,0.000245,0.00049,
2046,4.950772,4.951017,0.000245,,0.000169,7.60E-05,-9.30E-05,
2049,4.951017,4.951093,7.60E-05,,-0.00922,0.009296,0.018516,
2050,4.951093,4.960389,0.009296,,0.009296,0,-0.009296,
2057,4.960389,4.960389,0,,-0.000322,0.000322,0.000644,
2061,4.960389,4.960711,0.000322,,0.000142,0.00018,3.80E-05,
2065,4.960711,4.960891,0.00018,,5.80E-05,0.000122,6.40E-05,
2066,4.960891,4.961013,0.000122,,0.000122,0,-0.000122,
2068,4.961013,4.961013,0,,-4.50E-05,4.50E-05,9.00E-05,
2072,4.961013,4.961058,4.50E-05,,-3.30E-05,7.80E-05,0.000111,
2073,4.961058,4.961136,7.80E-05,,-0.025286,0.025364,0.05065,
2074,4.961136,4.9865,0.025364,,0.025364,0,-0.025364,
2080,4.9865,4.9865,0,,0,0,0,
2086,4.9865,4.9865,0,,0,0,0,
2090,4.9865,4.9865,0,,-0.000131,0.000131,0.000262,
2094,4.9865,4.986631,0.000131,,-0.043409,0.04354,0.086949,
2099,4.986631,5.030171,0.04354,,-0.02386,0.0674,0.09126,
2132,5.030171,5.097571,0.0674,,0.067158,0.000242,-0.066916,
2147,5.097571,5.097813,0.000242,,-0.052059,0.052301,0.10436,
2148,5.097813,5.150114,0.052301,,0.052301,0,-0.052301,
2190,5.150114,5.150114,0,,0,0,0,
2191,5.150114,5.150114,0,,0,0,0,
2194,5.150114,5.150114,0,,0,0,0,
2196,5.150114,5.150114,0,,0,0,0,
2198,5.150114,5.150114,0,,0,0,0,
2199,5.150114,5.150114,0,,-0.000112,0.000112,0.000224,
2201,5.150114,5.150226,0.000112,,-0.006137,0.006249,0.012386,
2203,5.150226,5.156475,0.006249,,-0.008496,0.014745,0.023241,
2228,5.156475,5.17122,0.014745,,0.014745,0,-0.014745,
2240,5.17122,5.17122,0,,0,0,0,
2244,5.17122,5.17122,0,,-0.00808,0.00808,0.01616,
2252,5.17122,5.1793,0.00808,,-0.013898,0.021978,0.035876,
2261,5.1793,5.201278,0.021978,,0.011294,0.010684,-0.00061,
2262,5.201278,5.211962,0.010684,,0.010684,0,-0.010684,
2267,5.211962,5.211962,0,,-0.001158,0.001158,0.002316,
2274,5.211962,5.21312,0.001158,,-0.013554,0.014712,0.028266,
2279,5.21312,5.227832,0.014712,,0.014629,8.30E-05,-0.014546,
2296,5.227832,5.227915,8.30E-05,,-0.000402,0.000485,0.000887,
2297,5.227915,5.2284,0.000485,,-0.03771,0.038195,0.075905,
2298,5.2284,5.266595,0.038195,,0.038195,0,-0.038195,
2323,5.266595,5.266595,0,,0,0,0,
2325,5.266595,5.266595,0,,0,0,0,
2328,5.266595,5.266595,0,,0,0,0,
2329,5.266595,5.266595,0,,-0.000205,0.000205,0.00041,
2330,5.266595,5.2668,0.000205,,-0.001121,0.001326,0.002447,
2332,5.2668,5.268126,0.001326,,0.001326,0,-0.001326,
2334,5.268126,5.268126,0,,-5.70E-05,5.70E-05,0.000114,
2335,5.268126,5.268183,5.70E-05,,-0.000658,0.000715,0.001373,
2341,5.268183,5.268898,0.000715,,0.000467,0.000248,-0.000219,
2343,5.268898,5.269146,0.000248,,-5.00E-06,0.000253,0.000258,
2344,5.269146,5.269399,0.000253,,-0.039745,0.039998,0.079743,
2345,5.269399,5.309397,0.039998,,0.039998,0,-0.039998,
2381,5.309397,5.309397,0,,-0.000629,0.000629,0.001258,
2382,5.309397,5.310026,0.000629,,-0.010925,0.011554,0.022479,
2388,5.310026,5.32158,0.011554,,0.011554,0,-0.011554,
2389,5.32158,5.32158,0,,0,0,0,
2399,5.32158,5.32158,0,,0,0,0,
2400,5.32158,5.32158,0,,-0.000214,0.000214,0.000428,
2401,5.32158,5.321794,0.000214,,-0.016077,0.016291,0.032368,
2403,5.321794,5.338085,0.016291,,0.014997,0.001294,-0.013703,
2415,5.338085,5.339379,0.001294,,-0.010678,0.011972,0.02265,
2416,5.339379,5.351351,0.011972,,0.011972,0,-0.011972,
2430,5.351351,5.351351,0,,0,0,0,
2432,5.351351,5.351351,0,,-0.000198,0.000198,0.000396,
2436,5.351351,5.351549,0.000198,,-0.013217,0.013415,0.026632,
2438,5.351549,5.364964,0.013415,,0.013415,0,-0.013415,
2445,5.364964,5.364964,0,,0,0,0,
2451,5.364964,5.364964,0,,-0.001806,0.001806,0.003612,
2454,5.364964,5.36677,0.001806,,0.001608,0.000198,-0.00141,
2462,5.36677,5.366968,0.000198,,-0.007558,0.007756,0.015314,
2463,5.366968,5.374724,0.007756,,0.007756,0,-0.007756,
2469,5.374724,5.374724,0,,-0.000314,0.000314,0.000628,
2471,5.374724,5.375038,0.000314,,-0.027455,0.027769,0.055224,
2474,5.375038,5.402807,0.027769,,0.007652,0.020117,0.012465,
2501,5.402807,5.422924,0.020117,,0.017577,0.00254,-0.015037,
2523,5.422924,5.425464,0.00254,,-0.012675,0.015215,0.02789,
2526,5.425464,5.440679,0.015215,,0.015215,0,-0.015215,
2536,5.440679,5.440679,0,,0,0,0,
2539,5.440679,5.440679,0,,-0.014715,0.014715,0.02943,
2541,5.440679,5.455394,0.014715,,0.01426,0.000455,-0.013805,
2560,5.455394,5.455849,0.000455,,-0.00928,0.009735,0.019015,
2564,5.455849,5.465584,0.009735,,0.006438,0.003297,-0.003141,
2569,5.465584,5.468881,0.003297,,-0.000956,0.004253,0.005209,
2580,5.468881,5.473134,0.004253,,0.004026,0.000227,-0.003799,
2587,5.473134,5.473361,0.000227,,-0.021104,0.021331,0.042435,
2588,5.473361,5.494692,0.021331,,-0.0073,0.028631,0.035931,
2596,5.494692,5.523323,0.028631,,0.028631,0,-0.028631,
2651,5.523323,5.523323,0,,-0.000718,0.000718,0.001436,
2652,5.523323,5.524041,0.000718,,0.000684,3.40E-05,-0.00065,
2668,5.524041,5.524075,3.40E-05,,-0.000677,0.000711,0.001388,
2670,5.524075,5.524786,0.000711,,0.000711,0,-0.000711,
2675,5.524786,5.524786,0,,-0.023543,0.023543,0.047086,
2676,5.524786,5.548329,0.023543,,0.023288,0.000255,-0.023033,
2698,5.548329,5.548584,0.000255,,-0.003347,0.003602,0.006949,
2700,5.548584,5.552186,0.003602,,0.003602,0,-0.003602,
2701,5.552186,5.552186,0,,-0.005237,0.005237,0.010474,
2702,5.552186,5.557423,0.005237,,0.005237,0,-0.005237,
2706,5.557423,5.557423,0,,0,0,0,
2708,5.557423,5.557423,0,,-0.000191,0.000191,0.000382,
2711,5.557423,5.557614,0.000191,,-0.003432,0.003623,0.007055,
2714,5.557614,5.561237,0.003623,,0.003485,0.000138,-0.003347,
2715,5.561237,5.561375,0.000138,,-0.005937,0.006075,0.012012,
2717,5.561375,5.56745,0.006075,,0.006075,0,-0.006075,
2719,5.56745,5.56745,0,,0,0,0,
2720,5.56745,5.56745,0,,-0.001114,0.001114,0.002228,
2730,5.56745,5.568564,0.001114,,-0.003982,0.005096,0.009078,
2733,5.568564,5.57366,0.005096,,-0.001229,0.006325,0.007554,
2742,5.57366,5.579985,0.006325,,0.006164,0.000161,-0.006003,
2744,5.579985,5.580146,0.000161,,-0.00817,0.008331,0.016501,
2755,5.580146,5.588477,0.008331,,0.006305,0.002026,-0.004279,
2761,5.588477,5.590503,0.002026,,0.002026,0,-0.002026,
2765,5.590503,5.590503,0,,0,0,0,
2767,5.590503,5.590503,0,,0,0,0,
2770,5.590503,5.590503,0,,0,0,0,
2772,5.590503,5.590503,0,,0,0,0,
2774,5.590503,5.590503,0,,0,0,0,
2775,5.590503,5.590503,0,,-0.000227,0.000227,0.000454,
2776,5.590503,5.59073,0.000227,,0.000172,5.50E-05,-0.000117,
2777,5.59073,5.590785,5.50E-05,,-0.011371,0.011426,0.022797,
2778,5.590785,5.602211,0.011426,,0.011426,0,-0.011426,
2780,5.602211,5.602211,0,,0,0,0,
2781,5.602211,5.602211,0,,0,0,0,
2783,5.602211,5.602211,0,,0,0,0,
2784,5.602211,5.602211,0,,0,0,0,
2786,5.602211,5.602211,0,,0,0,0,
2789,5.602211,5.602211,0,,0,0,0,
2791,5.602211,5.602211,0,,0,0,0,
2795,5.602211,5.602211,0,,0,0,0,
2797,5.602211,5.602211,0,,0,0,0,
2800,5.602211,5.602211,0,,-0.000319,0.000319,0.000638,
2802,5.602211,5.60253,0.000319,,0.000118,0.000201,8.30E-05,
2804,5.60253,5.602731,0.000201,,-0.014004,0.014205,0.028209,
2805,5.602731,5.616936,0.014205,,0.013221,0.000984,-0.012237,
2810,5.616936,5.61792,0.000984,,-0.003919,0.004903,0.008822,
2811,5.61792,5.622823,0.004903,,0.004903,0,-0.004903,
2812,5.622823,5.622823,0,,0,0,0,
2816,5.622823,5.622823,0,,0,0,0,
2818,5.622823,5.622823,0,,0,0,0,
2822,5.622823,5.622823,0,,0,0,0,
2824,5.622823,5.622823,0,,0,0,0,
2826,5.622823,5.622823,0,,0,0,0,
2830,5.622823,5.622823,0,,0,0,0,
2831,5.622823,5.622823,0,,-0.00026,0.00026,0.00052,
2832,5.622823,5.623083,0.00026,,-0.008078,0.008338,0.016416,
2833,5.623083,5.631421,0.008338,,0.008338,0,-0.008338,
2836,5.631421,5.631421,0,,0,0,0,
2837,5.631421,5.631421,0,,0,0,0,
2838,5.631421,5.631421,0,,0,0,0,
2839,5.631421,5.631421,0,,0,0,0,
2840,5.631421,5.631421,0,,0,0,0,
2841,5.631421,5.631421,0,,0,0,0,
2842,5.631421,5.631421,0,,0,0,0,
2843,5.631421,5.631421,0,,0,0,0,
2844,5.631421,5.631421,0,,0,0,0,
2845,5.631421,5.631421,0,,-0.000151,0.000151,0.000302,
2846,5.631421,5.631572,0.000151,,-0.003078,0.003229,0.006307,
2847,5.631572,5.634801,0.003229,,0.00239,0.000839,-0.001551,
2851,5.634801,5.63564,0.000839,,-0.006349,0.007188,0.013537,
2852,5.63564,5.642828,0.007188,,0.007188,0,-0.007188,
2853,5.642828,5.642828,0,,0,0,0,
2855,5.642828,5.642828,0,,0,0,0,
2856,5.642828,5.642828,0,,0,0,0,
2857,5.642828,5.642828,0,,0,0,0,
2858,5.642828,5.642828,0,,0,0,0,
2859,5.642828,5.642828,0,,0,0,0,
2860,5.642828,5.642828,0,,0,0,0,
2861,5.642828,5.642828,0,,0,0,0,
2862,5.642828,5.642828,0,,0,0,0,
2863,5.642828,5.642828,0,,-0.000215,0.000215,0.00043,
2864,5.642828,5.643043,0.000215,,0.000128,8.70E-05,-4.10E-05,
2865,5.643043,5.64313,8.70E-05,,1.80E-05,6.90E-05,5.10E-05,
2866,5.64313,5.643199,6.90E-05,,4.40E-05,2.50E-05,-1.90E-05,
2867,5.643199,5.643224,2.50E-05,,-0.000482,0.000507,0.000989,
2868,5.643224,5.643731,0.000507,,-0.003566,0.004073,0.007639,
2869,5.643731,5.647804,0.004073,,0.004073,0,-0.004073,
2870,5.647804,5.647804,0,,0,0,0,
2871,5.647804,5.647804,0,,-6.30E-05,6.30E-05,0.000126,
2872,5.647804,5.647867,6.30E-05,,3.00E-06,6.00E-05,5.70E-05,
2873,5.647867,5.647927,6.00E-05,,-0.007852,0.007912,0.015764,
2874,5.647927,5.655839,0.007912,,0.007912,0,-0.007912,
2875,5.655839,5.655839,0,,0,0,0,
2877,5.655839,5.655839,0,,0,0,0,
2878,5.655839,5.655839,0,,0,0,0,
2879,5.655839,5.655839,0,,0,0,0,
2880,5.655839,5.655839,0,,0,0,0,
2881,5.655839,5.655839,0,,0,0,0,
2884,5.655839,5.655839,0,,-7.00E-05,7.00E-05,0.00014,
2887,5.655839,5.655909,7.00E-05,,-6.90E-05,0.000139,0.000208,
2888,5.655909,5.656048,0.000139,,0.000112,2.70E-05,-8.50E-05,
2889,5.656048,5.656075,2.70E-05,,-3.20E-05,5.90E-05,9.10E-05,
2890,5.656075,5.656134,5.90E-05,,2.00E-06,5.70E-05,5.50E-05,
2891,5.656134,5.656191,5.70E-05,,2.80E-05,2.90E-05,1.00E-06,
2892,5.656191,5.65622,2.90E-05,,-0.000777,0.000806,0.001583,
2893,5.65622,5.657026,0.000806,,0.000641,0.000165,-0.000476,
2894,5.657026,5.657191,0.000165,,-7.70E-05,0.000242,0.000319,
2895,5.657191,5.657433,0.000242,,0.000202,4.00E-05,-0.000162,
2896,5.657433,5.657473,4.00E-05,,-0.006655,0.006695,0.01335,
2897,5.657473,5.664168,0.006695,,0.006695,0,-0.006695,
2898,5.664168,5.664168,0,,0,0,0,
2899,5.664168,5.664168,0,,0,0,0,
2900,5.664168,5.664168,0,,0,0,0,
2901,5.664168,5.664168,0,,0,0,0,
2902,5.664168,5.664168,0,,-0.00012,0.00012,0.00024,
2903,5.664168,5.664288,0.00012,,9.70E-05,2.30E-05,-7.40E-05,
2905,5.664288,5.664311,2.30E-05,,1.10E-05,1.20E-05,1.00E-06,
2906,5.664311,5.664323,1.20E-05,,8.88E-16,1.20E-05,1.20E-05,
2907,5.664323,5.664335,1.20E-05,,0,1.20E-05,1.20E-05,
2908,5.664335,5.664347,1.20E-05,,-0.004095,0.004107,0.008202,
2909,5.664347,5.668454,0.004107,,0.004107,0,-0.004107,
2910,5.668454,5.668454,0,,0,0,0,
2911,5.668454,5.668454,0,,0,0,0,
2912,5.668454,5.668454,0,,0,0,0,
2913,5.668454,5.668454,0,,-0.0003,0.0003,0.0006,
2914,5.668454,5.668754,0.0003,,-1.50E-05,0.000315,0.00033,
2915,5.668754,5.669069,0.000315,,5.70E-05,0.000258,0.000201,
2916,5.669069,5.669327,0.000258,,0.000258,0,-0.000258,
2917,5.669327,5.669327,0,,-0.000256,0.000256,0.000512,
2918,5.669327,5.669583,0.000256,,-0.009644,0.0099,0.019544,
2919,5.669583,5.679483,0.0099,,0.0099,0,-0.0099,
2920,5.679483,5.679483,0,,0,0,0,
2921,5.679483,5.679483,0,,0,0,0,
2923,5.679483,5.679483,0,,0,0,0,
2924,5.679483,5.679483,0,,0,0,0,
2925,5.679483,5.679483,0,,0,0,0,
2926,5.679483,5.679483,0,,0,0,0,
2927,5.679483,5.679483,0,,0,0,0,
2928,5.679483,5.679483,0,,0,0,0,
2929,5.679483,5.679483,0,,-0.000132,0.000132,0.000264,
2930,5.679483,5.679615,0.000132,,-5.60E-05,0.000188,0.000244,
2931,5.679615,5.679803,0.000188,,0.000159,2.90E-05,-0.00013,
2932,5.679803,5.679832,2.90E-05,,-1.20E-05,4.10E-05,5.30E-05,
2933,5.679832,5.679873,4.10E-05,,1.00E-06,4.00E-05,3.90E-05,
2934,5.679873,5.679913,4.00E-05,,-4.10E-05,8.10E-05,0.000122,
2935,5.679913,5.679994,8.10E-05,,5.50E-05,2.60E-05,-2.90E-05,
2936,5.679994,5.68002,2.60E-05,,-0.015082,0.015108,0.03019,
2937,5.68002,5.695128,0.015108,,0.015108,0,-0.015108,
2938,5.695128,5.695128,0,,0,0,0,
2939,5.695128,5.695128,0,,-0.047128,0.047128,0.094256,
2940,5.695128,5.742256,0.047128,,0.046498,0.00063,-0.045868,
2941,5.742256,5.742886,0.00063,,-0.013488,0.014118,0.027606,
2942,5.742886,5.757004,0.014118,,0.013734,0.000384,-0.01335,
2943,5.757004,5.757388,0.000384,,-0.009484,0.009868,0.019352,
2944,5.757388,5.767256,0.009868,,-0.043028,0.052896,0.095924,
2945,5.767256,5.820152,0.052896,,0.01904,0.033856,0.014816,
2946,5.820152,5.854008,0.033856,,0.033856,0,-0.033856,
2947,5.854008,5.854008,0,,0,0,0,
2948,5.854008,5.854008,0,,0,0,0,
2949,5.854008,5.854008,0,,0,0,0,
2950,5.854008,5.854008,0,,-0.000743,0.000743,0.001486,
2951,5.854008,5.854751,0.000743,,-0.04934,0.050083,0.099423,
2952,5.854751,5.904834,0.050083,,-0.035491,0.085574,0.121065,
2953,5.904834,5.990408,0.085574,,0.085574,0,-0.085574,
2954,5.990408,5.990408,0,,0,0,0,
2955,5.990408,5.990408,0,,-0.000511,0.000511,0.001022,
2956,5.990408,5.990919,0.000511,,-0.063908,0.064419,0.128327,
2957,5.990919,6.055338,0.064419,,0.063389,0.00103,-0.062359,
2958,6.055338,6.056368,0.00103,,-0.055928,0.056958,0.112886,
2959,6.056368,6.113326,0.056958,,0.056958,0,-0.056958,
2960,6.113326,6.113326,0,,0,0,0,
2961,6.113326,6.113326,0,,-0.000336,0.000336,0.000672,
2962,6.113326,6.113662,0.000336,,-0.03546,0.035796,0.071256,
2963,6.113662,6.149458,0.035796,,-0.052092,0.087888,0.13998,
2964,6.149458,6.237346,0.087888,,0.038714,0.049174,0.01046,
2965,6.237346,6.28652,0.049174,,-0.039476,0.08865,0.128126,
2966,6.28652,6.37517,0.08865,,0.08865,0,-0.08865,
2967,6.37517,6.37517,0,,-0.000138,0.000138,0.000276,
2968,6.37517,6.375308,0.000138,,-0.441194,0.441332,0.882526,
2969,6.375308,6.81664,0.441332,,0.257853,0.183479,-0.074374,
2970,6.81664,7.000119,0.183479,,0.183479,,-0.183479,
2971,7.000119,,,,,,,
,,,,,,,,
,,Total Delay,7.000119,,,Total Jitter,6.999893,
,,,0.002356942,,,Rata2 jitter,0.002356866,
,,Rata2 delay ,0.001178471,,,,,
